N,k_per_token,F_rd,d_eff,load,rho_blk,coherence,welch_floor,d_eff_meas,f_eff_meas,rho_rd,pair,gamma_r,leverage,log_alignment,S,feasible
2,1,512,32,16.0,256.0,0.7040603728521223,0.17133069613002574,29.736759067300365,512,17.217747194347552,0,0.4870276275149922,4.1720370272795835,0.2707540433967318,0.4921508593533621,True
2,1,512,32,16.0,256.0,0.7040603728521223,0.17133069613002574,29.736759067300365,512,17.217747194347552,1,0.45925098392197117,4.014813186457446,0.2368767543341314,0.5423561418866815,True
2,1,512,32,16.0,256.0,0.7040603728521223,0.17133069613002574,29.736759067300365,512,17.217747194347552,2,0.4881926524229875,3.858818489192668,0.2722446002705365,0.5308287182586297,True
2,1,512,32,16.0,256.0,0.7040603728521223,0.17133069613002574,29.736759067300365,512,17.217747194347552,3,0.44026754793037787,4.157806171391825,0.21546748007636693,0.5462847608711103,True
2,1,512,32,16.0,256.0,0.7040603728521223,0.17133069613002574,29.736759067300365,512,17.217747194347552,4,0.5047048000374759,3.8522293219326387,0.29400459779970783,0.5143401559679573,True
2,1,512,32,16.0,256.0,0.7040603728521223,0.17133069613002574,29.736759067300365,512,17.217747194347552,5,0.439455347980998,4.2591434840597175,0.2145815635519512,0.5342726896133754,True
2,1,512,32,16.0,256.0,0.7040603728521223,0.17133069613002574,29.736759067300365,512,17.217747194347552,6,0.46293975515395547,4.153772514809796,0.24119706075934247,0.520035287459829,True
2,1,512,32,16.0,256.0,0.7040603728521223,0.17133069613002574,29.736759067300365,512,17.217747194347552,7,0.4752290391945207,4.053010813034312,0.2559801181674427,0.5191815694672943,True
2,1,512,32,16.0,256.0,0.7040603728521223,0.17133069613002574,29.736759067300365,512,17.217747194347552,8,0.45095592528124656,4.1778497099187994,0.22735396084429035,0.530778214672514,True
2,1,512,32,16.0,256.0,0.7040603728521223,0.17133069613002574,29.736759067300365,512,17.217747194347552,9,0.45521119442762603,4.236659641807895,0.23220603123312544,0.5185175862809418,True
2,1,512,32,16.0,256.0,0.7040603728521223,0.17133069613002574,29.736759067300365,512,17.217747194347552,10,0.46564872210760755,4.0170583661717885,0.24440387434333619,0.5346055248801379,True
2,1,512,32,16.0,256.0,0.7040603728521223,0.17133069613002574,29.736759067300365,512,17.217747194347552,11,0.45897906744776196,4.1020786391762325,0.2365603863046907,0.531132820764861,True
2,1,512,32,16.0,256.0,0.7040603728521223,0.17133069613002574,29.736759067300365,512,17.217747194347552,12,0.41062207701500264,4.0538000197759,0.1846568696741781,0.6007522196639594,True
2,1,512,32,16.0,256.0,0.7040603728521223,0.17133069613002574,29.736759067300365,512,17.217747194347552,13,0.4822755462539603,4.0736888349493245,0.2647336825918084,0.5089989725116587,True
2,1,512,32,16.0,256.0,0.7040603728521223,0.17133069613002574,29.736759067300365,512,17.217747194347552,14,0.5227707103152045,4.0170583661717885,0.319226701182699,0.4761903729113011,True
2,1,512,32,16.0,256.0,0.7040603728521223,0.17133069613002574,29.736759067300365,512,17.217747194347552,15,0.44476545830877817,4.325905033492094,0.22041766106189503,0.5197469715261829,True
2,1,512,32,16.0,256.0,0.7040603728521223,0.17133069613002574,29.736759067300365,512,17.217747194347552,16,0.41387287410170026,3.96964980602278,0.187885916268639,0.6086685203368364,True
2,1,512,32,16.0,256.0,0.7040603728521223,0.17133069613002574,29.736759067300365,512,17.217747194347552,17,0.43752333207060157,4.31998912235987,0.2124839004371912,0.5290736456302699,True
2,1,512,32,16.0,256.0,0.7040603728521223,0.17133069613002574,29.736759067300365,512,17.217747194347552,18,0.47195617728514994,4.086301483345308,0.25198375215652224,0.518522874448663,True
2,1,512,32,16.0,256.0,0.7040603728521223,0.17133069613002574,29.736759067300365,512,17.217747194347552,19,0.47118420014134044,4.305725700959683,0.25104745737302664,0.4929046570705231,True
2,1,512,32,16.0,256.0,0.7040603728521223,0.17133069613002574,29.736759067300365,512,17.217747194347552,20,0.4480526294113026,4.050062009556872,0.22408294080536667,0.5510732079286425,True
2,1,512,32,16.0,256.0,0.7040603728521223,0.17133069613002574,29.736759067300365,512,17.217747194347552,21,0.38479015490832874,4.369539692092944,0.1602432423853371,0.594758091826356,True
2,1,512,32,16.0,256.0,0.7040603728521223,0.17133069613002574,29.736759067300365,512,17.217747194347552,22,0.503438223746343,3.9997865705204187,0.29229274545936595,0.49661175544793973,True
2,1,512,32,16.0,256.0,0.7040603728521223,0.17133069613002574,29.736759067300365,512,17.217747194347552,23,0.4626328676155571,4.338358849460677,0.24083559945304786,0.4982393727066732,True
2,1,512,32,16.0,256.0,0.7040603728521223,0.17133069613002574,29.736759067300365,512,17.217747194347552,24,0.4609414441122259,4.186267137726599,0.23885002331860206,0.5182356716569779,True
4,1,256,32,8.0,64.0,0.6353150507260328,0.1656833739159028,27.723371782750846,256,9.234086026984645,0,0.4962070152944275,2.9637202060986607,0.28265659073498045,0.6799858867620356,True
4,1,256,32,8.0,64.0,0.6353150507260328,0.1656833739159028,27.723371782750846,256,9.234086026984645,1,0.4207790085774935,3.1136214168639866,0.1948658776921821,0.7632734010344608,True
4,1,256,32,8.0,64.0,0.6353150507260328,0.1656833739159028,27.723371782750846,256,9.234086026984645,2,0.47040765254067024,2.9997972192280553,0.25010804712556145,0.7086531527555505,True
4,1,256,32,8.0,64.0,0.6353150507260328,0.1656833739159028,27.723371782750846,256,9.234086026984645,3,0.4498543213985973,2.874177314449039,0.22610908225889834,0.7734184820522128,True
4,1,256,32,8.0,64.0,0.6353150507260328,0.1656833739159028,27.723371782750846,256,9.234086026984645,4,0.49193340725764156,3.0372939982412674,0.2770698843392936,0.6692784654654966,True
4,1,256,32,8.0,64.0,0.6353150507260328,0.1656833739159028,27.723371782750846,256,9.234086026984645,5,0.43667121521861535,3.006780125983283,0.2115630526303222,0.7616295124758707,True
4,1,256,32,8.0,64.0,0.6353150507260328,0.1656833739159028,27.723371782750846,256,9.234086026984645,6,0.4516916857569624,2.938803542972231,0.22818797678920624,0.7533336181587117,True
4,1,256,32,8.0,64.0,0.6353150507260328,0.1656833739159028,27.723371782750846,256,9.234086026984645,7,0.49052774070441846,3.033918581171386,0.2752496290793576,0.6719431101964022,True
4,1,256,32,8.0,64.0,0.6353150507260328,0.1656833739159028,27.723371782750846,256,9.234086026984645,8,0.4307386539953349,2.848001995877347,0.20522479057413837,0.8151656374036664,True
4,1,256,32,8.0,64.0,0.6353150507260328,0.1656833739159028,27.723371782750846,256,9.234086026984645,9,0.5074717054483977,2.9808143135967975,0.29776948889943294,0.6610788215307817,True
4,1,256,32,8.0,64.0,0.6353150507260328,0.1656833739159028,27.723371782750846,256,9.234086026984645,10,0.41729957249205085,3.1460501483529226,0.19132871961084574,0.7617043208222661,True
4,1,256,32,8.0,64.0,0.6353150507260328,0.1656833739159028,27.723371782750846,256,9.234086026984645,11,0.42402659393548087,3.004984696750733,0.19820530104710266,0.7848102020922423,True
4,1,256,32,8.0,64.0,0.6353150507260328,0.1656833739159028,27.723371782750846,256,9.234086026984645,12,0.43927137622954454,3.121591830719599,0.2143812302893552,0.7292744187434627,True
4,1,256,32,8.0,64.0,0.6353150507260328,0.1656833739159028,27.723371782750846,256,9.234086026984645,13,0.4291703727983866,3.0081158202719807,0.20357037299618141,0.774596825678888,True
4,1,256,32,8.0,64.0,0.6353150507260328,0.1656833739159028,27.723371782750846,256,9.234086026984645,14,0.4068913680602078,3.0588139961429577,0.1809951393569274,0.803467759437053,True
4,1,256,32,8.0,64.0,0.6353150507260328,0.1656833739159028,27.723371782750846,256,9.234086026984645,15,0.5015986253214504,2.823356273525201,0.2898192625155276,0.70611913100483,True
4,1,256,32,8.0,64.0,0.6353150507260328,0.1656833739159028,27.723371782750846,256,9.234086026984645,16,0.4797258483628943,3.000648733978371,0.2615425586239743,0.6946910792931936,True
4,1,256,32,8.0,64.0,0.6353150507260328,0.1656833739159028,27.723371782750846,256,9.234086026984645,17,0.392192354221881,3.1048088711224677,0.1670170812779197,0.8212322701317093,True
4,1,256,32,8.0,64.0,0.6353150507260328,0.1656833739159028,27.723371782750846,256,9.234086026984645,18,0.5081292347636821,2.936841032127563,0.2986693039189532,0.6701088881335835,True
4,1,256,32,8.0,64.0,0.6353150507260328,0.1656833739159028,27.723371782750846,256,9.234086026984645,19,0.4370368672037616,3.028483263143526,0.21195787403267285,0.7555387577142147,True
4,1,256,32,8.0,64.0,0.6353150507260328,0.1656833739159028,27.723371782750846,256,9.234086026984645,20,0.42114510123384236,3.0599221797163203,0.19524048347824072,0.7759931097647444,True
4,1,256,32,8.0,64.0,0.6353150507260328,0.1656833739159028,27.723371782750846,256,9.234086026984645,21,0.4346473842063261,2.910468284285353,0.20938655003004533,0.7904966951613197,True
4,1,256,32,8.0,64.0,0.6353150507260328,0.1656833739159028,27.723371782750846,256,9.234086026984645,22,0.41956963917877266,3.045272578010346,0.19363169449570763,0.782653936397326,True
4,1,256,32,8.0,64.0,0.6353150507260328,0.1656833739159028,27.723371782750846,256,9.234086026984645,23,0.45172365639009554,3.216486754078504,0.22822426347943608,0.6882486971453642,True
4,1,256,32,8.0,64.0,0.6353150507260328,0.1656833739159028,27.723371782750846,256,9.234086026984645,24,0.47438241005416115,2.908931556519495,0.25494214889798855,0.7246660573680659,True
8,1,128,32,4.0,16.0,0.647105585559266,0.15369465587356798,25.353790511340456,128,5.048554769068834,0,0.44745912590961706,2.2322064646549316,0.22341817571978825,1.0011802377948729,True
8,1,128,32,4.0,16.0,0.647105585559266,0.15369465587356798,25.353790511340456,128,5.048554769068834,1,0.44762789170498424,2.013604541225361,0.223607070512949,1.1094524113198743,True
8,1,128,32,4.0,16.0,0.647105585559266,0.15369465587356798,25.353790511340456,128,5.048554769068834,2,0.4305364170820333,2.3251289974774574,0.2050109530761787,0.9989483992009082,True
8,1,128,32,4.0,16.0,0.647105585559266,0.15369465587356798,25.353790511340456,128,5.048554769068834,3,0.48153671634288575,2.2857433585377125,0.2638061954927186,0.9085380626285308,True
8,1,128,32,4.0,16.0,0.647105585559266,0.15369465587356798,25.353790511340456,128,5.048554769068834,4,0.4396459456911127,2.260715297632609,0.21478924288621878,1.0061229473630773,True
8,1,128,32,4.0,16.0,0.647105585559266,0.15369465587356798,25.353790511340456,128,5.048554769068834,5,0.41966337246008734,2.2554785062032354,0.19372716963216408,1.0564774723056538,True
8,1,128,32,4.0,16.0,0.647105585559266,0.15369465587356798,25.353790511340456,128,5.048554769068834,6,0.410138420294109,2.1626299885965987,0.18417951028271098,1.1274241274880412,True
8,1,128,32,4.0,16.0,0.647105585559266,0.15369465587356798,25.353790511340456,128,5.048554769068834,7,0.40714329233678853,2.353156494695428,0.18124093347151726,1.0437630183350495,True
8,1,128,32,4.0,16.0,0.647105585559266,0.15369465587356798,25.353790511340456,128,5.048554769068834,8,0.3292738884920863,2.426823617913757,0.11476156026200665,1.2514240433564605,True
8,1,128,32,4.0,16.0,0.647105585559266,0.15369465587356798,25.353790511340456,128,5.048554769068834,9,0.4211003578508305,2.1774700318380784,0.19519467462571752,1.0905917371014655,True
8,1,128,32,4.0,16.0,0.647105585559266,0.15369465587356798,25.353790511340456,128,5.048554769068834,10,0.40590143146503194,2.182005056173715,0.1800313478041904,1.1290772699401914,True
8,1,128,32,4.0,16.0,0.647105585559266,0.15369465587356798,25.353790511340456,128,5.048554769068834,11,0.4002014669735865,2.4408800591665094,0.17454532719243615,1.0237051410675528,True
8,1,128,32,4.0,16.0,0.647105585559266,0.15369465587356798,25.353790511340456,128,5.048554769068834,12,0.41778237376766214,2.242577252132875,0.19181703064935574,1.0673392352544802,True
8,1,128,32,4.0,16.0,0.647105585559266,0.15369465587356798,25.353790511340456,128,5.048554769068834,13,0.47164795915913993,2.178023245317464,0.25160963991026225,0.9734631808376296,True
8,1,128,32,4.0,16.0,0.647105585559266,0.15369465587356798,25.353790511340456,128,5.048554769068834,14,0.3392016929766258,2.3072085217498626,0.12223293386688741,1.2777772210618856,True
8,1,128,32,4.0,16.0,0.647105585559266,0.15369465587356798,25.353790511340456,128,5.048554769068834,15,0.39517799922482455,2.3278664297335565,0.16979907269133548,1.0870491594012088,True
8,1,128,32,4.0,16.0,0.647105585559266,0.15369465587356798,25.353790511340456,128,5.048554769068834,16,0.3819810033950245,2.405471384244187,0.15771810363729288,1.0883235827457451,True
8,1,128,32,4.0,16.0,0.647105585559266,0.15369465587356798,25.353790511340456,128,5.048554769068834,17,0.42441586200865034,2.1844940505334374,0.19860805341271165,1.0785928251412082,True
8,1,128,32,4.0,16.0,0.647105585559266,0.15369465587356798,25.353790511340456,128,5.048554769068834,18,0.40759261913451345,2.277602539195084,0.18167985453641464,1.0771985265154922,True
8,1,128,32,4.0,16.0,0.647105585559266,0.15369465587356798,25.353790511340456,128,5.048554769068834,19,0.47342497095202224,2.1073761730643588,0.2537718492806646,1.002320870449383,True
8,1,128,32,4.0,16.0,0.647105585559266,0.15369465587356798,25.353790511340456,128,5.048554769068834,20,0.5042137180856875,2.120763128777763,0.29334001312789465,0.9351756247778581,True
8,1,128,32,4.0,16.0,0.647105585559266,0.15369465587356798,25.353790511340456,128,5.048554769068834,21,0.37419427109367276,2.242577252132875,0.15084771855365925,1.1916684828356205,True
8,1,128,32,4.0,16.0,0.647105585559266,0.15369465587356798,25.353790511340456,128,5.048554769068834,22,0.39673190959063903,2.120763128777763,0.1712584291950742,1.1885315182206746,True
8,1,128,32,4.0,16.0,0.647105585559266,0.15369465587356798,25.353790511340456,128,5.048554769068834,23,0.38873006577053937,2.120763128777763,0.16382691870042415,1.2129969363128312,True
8,1,128,32,4.0,16.0,0.647105585559266,0.15369465587356798,25.353790511340456,128,5.048554769068834,24,0.3739447490308206,2.161420650036012,0.1506306702189192,1.2372380403591654,True
16,1,64,32,2.0,4.0,0.6042134998207256,0.12598815766974242,20.95256503946314,64,3.054518617623146,0,0.3955080495316923,1.7263136049887948,0.17010838284822127,1.4646200662097408,True
16,1,64,32,2.0,4.0,0.6042134998207256,0.12598815766974242,20.95256503946314,64,3.054518617623146,1,0.4182369024800691,1.6315703162094954,0.19227748085726556,1.4654528677100782,True
16,1,64,32,2.0,4.0,0.6042134998207256,0.12598815766974242,20.95256503946314,64,3.054518617623146,2,0.41789744362570197,1.74034330726408,0.19193353224311183,1.374976761087334,True
16,1,64,32,2.0,4.0,0.6042134998207256,0.12598815766974242,20.95256503946314,64,3.054518617623146,3,0.3560055945458362,1.7982285894259353,0.13552192481753425,1.562062041473211,True
16,1,64,32,2.0,4.0,0.6042134998207256,0.12598815766974242,20.95256503946314,64,3.054518617623146,4,0.4038415244478267,1.7345451703562396,0.17803632377615322,1.4275897244303966,True
16,1,64,32,2.0,4.0,0.6042134998207256,0.12598815766974242,20.95256503946314,64,3.054518617623146,5,0.35477152827886693,1.7269538890233447,0.13451797888625058,1.6321891984479906,True
16,1,64,32,2.0,4.0,0.6042134998207256,0.12598815766974242,20.95256503946314,64,3.054518617623146,6,0.3826592290936479,1.8113273609914669,0.15832548207870661,1.4427492604378889,True
16,1,64,32,2.0,4.0,0.6042134998207256,0.12598815766974242,20.95256503946314,64,3.054518617623146,7,0.40022841660096237,1.5879284422651148,0.17457101255550958,1.5734797264765958,True
16,1,64,32,2.0,4.0,0.6042134998207256,0.12598815766974242,20.95256503946314,64,3.054518617623146,8,0.41578565706323045,1.705366934282878,0.18980272623153704,1.4103037414328212,True
16,1,64,32,2.0,4.0,0.6042134998207256,0.12598815766974242,20.95256503946314,64,3.054518617623146,9,0.2916637712542201,1.7157289339791129,0.08890526613393068,1.998337497769219,True
16,1,64,32,2.0,4.0,0.6042134998207256,0.12598815766974242,20.95256503946314,64,3.054518617623146,10,0.4279884500825589,1.7553710619454825,0.20232931993563613,1.3310642412837272,True
16,1,64,32,2.0,4.0,0.6042134998207256,0.12598815766974242,20.95256503946314,64,3.054518617623146,11,0.4062716194502334,1.621636546825209,0.1803913753181704,1.5178539712670975,True
16,1,64,32,2.0,4.0,0.6042134998207256,0.12598815766974242,20.95256503946314,64,3.054518617623146,12,0.4089341889100305,1.6809129580175484,0.1829943881256037,1.4547935055875154,True
16,1,64,32,2.0,4.0,0.6042134998207256,0.12598815766974242,20.95256503946314,64,3.054518617623146,13,0.42732878851067524,1.5810974766841344,0.20163881153421517,1.48005959540106,True
16,1,64,32,2.0,4.0,0.6042134998207256,0.12598815766974242,20.95256503946314,64,3.054518617623146,14,0.3431153940752088,1.8081139082054547,0.12525507731807736,1.6118848365850953,True
16,1,64,32,2.0,4.0,0.6042134998207256,0.12598815766974242,20.95256503946314,64,3.054518617623146,15,0.33233104384453716,1.8779387227228532,0.11703273024654874,1.6023141621009949,True
16,1,64,32,2.0,4.0,0.6042134998207256,0.12598815766974242,20.95256503946314,64,3.054518617623146,16,0.31265462071666356,1.8444108598426188,0.10286686279110888,1.7341133347859272,True
16,1,64,32,2.0,4.0,0.6042134998207256,0.12598815766974242,20.95256503946314,64,3.054518617623146,17,0.3700845079354782,1.9183712959038772,0.14729718561214894,1.4085310557995319,True
16,1,64,32,2.0,4.0,0.6042134998207256,0.12598815766974242,20.95256503946314,64,3.054518617623146,18,0.43509617703447456,1.692626390557043,0.209867917876002,1.3578557156908095,True
16,1,64,32,2.0,4.0,0.6042134998207256,0.12598815766974242,20.95256503946314,64,3.054518617623146,19,0.44649682941817487,1.5657193464282178,0.22234314507536734,1.4304335998522055,True
16,1,64,32,2.0,4.0,0.6042134998207256,0.12598815766974242,20.95256503946314,64,3.054518617623146,20,0.3964846411680323,1.7792031471887886,0.17102568091796239,1.4175816845246754,True
16,1,64,32,2.0,4.0,0.6042134998207256,0.12598815766974242,20.95256503946314,64,3.054518617623146,21,0.46597556912423305,1.6696887712218018,0.24479275202948422,1.2852905843715472,True
16,1,64,32,2.0,4.0,0.6042134998207256,0.12598815766974242,20.95256503946314,64,3.054518617623146,22,0.36224726441363553,1.753895149655824,0.1406688961949011,1.57395118338613,True
16,1,64,32,2.0,4.0,0.6042134998207256,0.12598815766974242,20.95256503946314,64,3.054518617623146,23,0.4123439333147338,1.7962899637366432,0.18636273457425137,1.35009381372814,True
16,1,64,32,2.0,4.0,0.6042134998207256,0.12598815766974242,20.95256503946314,64,3.054518617623146,24,0.4164741741715779,1.7263136049887948,0.1904957600512933,1.3908882269682992,True
24,1,43,32,1.34375,1.7916666666666667,0.5440462100751794,0.09046835805696823,17.839163895353032,43,2.4104268704656713,0,0.45418896526006497,1.3250363447539784,0.23103412034104348,1.6616349967435278,True
24,1,43,32,1.34375,1.7916666666666667,0.5440462100751794,0.09046835805696823,17.839163895353032,43,2.4104268704656713,1,0.31246035378589065,1.480473455271543,0.10273227549548765,2.1617449589175384,True
24,1,43,32,1.34375,1.7916666666666667,0.5440462100751794,0.09046835805696823,17.839163895353032,43,2.4104268704656713,2,0.3641607578396123,1.494817339858979,0.1422701013606773,1.8370404906992848,True
24,1,43,32,1.34375,1.7916666666666667,0.5440462100751794,0.09046835805696823,17.839163895353032,43,2.4104268704656713,3,0.34519851154299586,1.480473455271543,0.12688156595179123,1.956728004529963,True
24,1,43,32,1.34375,1.7916666666666667,0.5440462100751794,0.09046835805696823,17.839163895353032,43,2.4104268704656713,4,0.4221054552851317,1.494817339858979,0.19622538707954465,1.5848600128212298,True
24,1,43,32,1.34375,1.7916666666666667,0.5440462100751794,0.09046835805696823,17.839163895353032,43,2.4104268704656713,5,0.32126624683244837,1.701261212441272,0.10893578973323226,1.8296326419253033,True
24,1,43,32,1.34375,1.7916666666666667,0.5440462100751794,0.09046835805696823,17.839163895353032,43,2.4104268704656713,6,0.37995672829314386,1.480473455271543,0.15591386793467085,1.777727684130151,True
24,1,43,32,1.34375,1.7916666666666667,0.5440462100751794,0.09046835805696823,17.839163895353032,43,2.4104268704656713,7,0.3346792469650881,1.5815315670280838,0.11879502068330142,1.8892670579390494,True
24,1,43,32,1.34375,1.7916666666666667,0.5440462100751794,0.09046835805696823,17.839163895353032,43,2.4104268704656713,8,0.3133165658139338,1.6137631782347157,0.10332622003369872,1.9777748068659118,True
24,1,43,32,1.34375,1.7916666666666667,0.5440462100751794,0.09046835805696823,17.839163895353032,43,2.4104268704656713,9,0.42580494121131807,1.6733965971606566,0.20004959144937914,1.4034289199222383,True
24,1,43,32,1.34375,1.7916666666666667,0.5440462100751794,0.09046835805696823,17.839163895353032,43,2.4104268704656713,10,0.29173636418982585,1.480473455271543,0.08895155558205216,2.3153081945545,True
24,1,43,32,1.34375,1.7916666666666667,0.5440462100751794,0.09046835805696823,17.839163895353032,43,2.4104268704656713,11,0.3702971713223907,1.4910443759828578,0.1474796417022365,1.8111692515952065,True
24,1,43,32,1.34375,1.7916666666666667,0.5440462100751794,0.09046835805696823,17.839163895353032,43,2.4104268704656713,12,0.36731579716438256,1.6675058216536942,0.14493432518714763,1.6326497821787462,True
24,1,43,32,1.34375,1.7916666666666667,0.5440462100751794,0.09046835805696823,17.839163895353032,43,2.4104268704656713,13,0.3547057699406157,1.4914172578718197,0.1344646087686163,1.8903080450354626,True
24,1,43,32,1.34375,1.7916666666666667,0.5440462100751794,0.09046835805696823,17.839163895353032,43,2.4104268704656713,14,0.3388117181697623,1.6850404977972033,0.12193419271429974,1.7515850690097794,True
24,1,43,32,1.34375,1.7916666666666667,0.5440462100751794,0.09046835805696823,17.839163895353032,43,2.4104268704656713,15,0.3237422730500483,1.701261212441272,0.11071824196370261,1.815639355391223,True
24,1,43,32,1.34375,1.7916666666666667,0.5440462100751794,0.09046835805696823,17.839163895353032,43,2.4104268704656713,16,0.3136798942861087,1.4910443759828578,0.10357885495753533,2.1380740776457756,True
24,1,43,32,1.34375,1.7916666666666667,0.5440462100751794,0.09046835805696823,17.839163895353032,43,2.4104268704656713,17,0.3920872082278369,1.4895824185099331,0.16691963235016427,1.712193281331006,True
24,1,43,32,1.34375,1.7916666666666667,0.5440462100751794,0.09046835805696823,17.839163895353032,43,2.4104268704656713,18,0.28122382362410425,1.6733965971606566,0.08238953487443319,2.1249514391800335,True
24,1,43,32,1.34375,1.7916666666666667,0.5440462100751794,0.09046835805696823,17.839163895353032,43,2.4104268704656713,19,0.2871798540152984,1.494817339858979,0.08607247449900443,2.3294741881144203,True
24,1,43,32,1.34375,1.7916666666666667,0.5440462100751794,0.09046835805696823,17.839163895353032,43,2.4104268704656713,20,0.4052299841762615,1.4548431488565459,0.1793794969898877,1.69622029108338,True
24,1,43,32,1.34375,1.7916666666666667,0.5440462100751794,0.09046835805696823,17.839163895353032,43,2.4104268704656713,21,0.409079853398325,1.4910443759828578,0.1831374813175299,1.6394619414287255,True
24,1,43,32,1.34375,1.7916666666666667,0.5440462100751794,0.09046835805696823,17.839163895353032,43,2.4104268704656713,22,0.3805289762839927,1.5205800376071308,0.1564226107994133,1.7282357416582181,True
24,1,43,32,1.34375,1.7916666666666667,0.5440462100751794,0.09046835805696823,17.839163895353032,43,2.4104268704656713,23,0.31066338794493614,1.5642959316814873,0.10149216362136329,2.0577424174534844,True
24,1,43,32,1.34375,1.7916666666666667,0.5440462100751794,0.09046835805696823,17.839163895353032,43,2.4104268704656713,24,0.44706596279978744,1.4577116822085017,0.2229785337979752,1.5344641962204646,True
32,1,32,32,1.0,1.0,0.48056754943842006,0.0,16.309122947686877,32,1.9620920206833417,0,0.2529802829422003,1.38024722651184,0.06613875929730682,2.8638907246122933,True
32,1,32,32,1.0,1.0,0.48056754943842006,0.0,16.309122947686877,32,1.9620920206833417,1,0.29645878831423,1.370873588381707,0.09199228459676606,2.46058437293919,True
32,1,32,32,1.0,1.0,0.48056754943842006,0.0,16.309122947686877,32,1.9620920206833417,2,0.3727251329179751,1.2889246560454206,0.14957253769097262,2.0815353475678364,True
32,1,32,32,1.0,1.0,0.48056754943842006,0.0,16.309122947686877,32,1.9620920206833417,3,0.3309583309036881,1.386527439042841,0.11600970283475429,2.179205637679107,True
32,1,32,32,1.0,1.0,0.48056754943842006,0.0,16.309122947686877,32,1.9620920206833417,4,0.3980946131771328,1.3726903352446267,0.17254469172647355,1.8299580037835914,True
32,1,32,32,1.0,1.0,0.48056754943842006,0.0,16.309122947686877,32,1.9620920206833417,5,0.29139750029896666,1.392070811044029,0.08873559333902953,2.4652039265172303,True
32,1,32,32,1.0,1.0,0.48056754943842006,0.0,16.309122947686877,32,1.9620920206833417,6,0.3865035326204243,1.4163651363976812,0.16179563905075986,1.8267171417440604,True
32,1,32,32,1.0,1.0,0.48056754943842006,0.0,16.309122947686877,32,1.9620920206833417,7,0.42621144223728236,1.358696048452142,0.20047272932916435,1.7268419202316534,True
32,1,32,32,1.0,1.0,0.48056754943842006,0.0,16.309122947686877,32,1.9620920206833417,8,0.39822227308200797,1.386527439042841,0.17266550144777618,1.8111148202744018,True
32,1,32,32,1.0,1.0,0.48056754943842006,0.0,16.309122947686877,32,1.9620920206833417,9,0.3561688070173632,1.3726903352446267,0.135655039214756,2.045368401986738,True
32,1,32,32,1.0,1.0,0.48056754943842006,0.0,16.309122947686877,32,1.9620920206833417,10,0.3034760634465123,1.2817489277029421,0.09661852851284249,2.5708254776935253,True
32,1,32,32,1.0,1.0,0.48056754943842006,0.0,16.309122947686877,32,1.9620920206833417,11,0.3630192746087102,1.294495343156713,0.14131358835344526,2.1279911768108035,True
32,1,32,32,1.0,1.0,0.48056754943842006,0.0,16.309122947686877,32,1.9620920206833417,12,0.4583138372684848,1.3145285183576862,0.23578761847710292,1.6598430258521446,True
32,1,32,32,1.0,1.0,0.48056754943842006,0.0,16.309122947686877,32,1.9620920206833417,13,0.3339375042909819,1.3852615490409963,0.11823667740484477,2.161737832997619,True
32,1,32,32,1.0,1.0,0.48056754943842006,0.0,16.309122947686877,32,1.9620920206833417,14,0.35157418173533955,1.3569620794213009,0.13193769781713002,2.096116004556072,True
32,1,32,32,1.0,1.0,0.48056754943842006,0.0,16.309122947686877,32,1.9620920206833417,15,0.4016888744024797,1.370873588381707,0.17596653497163225,1.8159872185446286,True
32,1,32,32,1.0,1.0,0.48056754943842006,0.0,16.309122947686877,32,1.9620920206833417,16,0.34559667747287753,1.3569620794213009,0.12719387544051367,2.1323708159259875,True
32,1,32,32,1.0,1.0,0.48056754943842006,0.0,16.309122947686877,32,1.9620920206833417,17,0.27053186028751874,1.397686899720628,0.07600398568491053,2.6446712036882825,True
32,1,32,32,1.0,1.0,0.48056754943842006,0.0,16.309122947686877,32,1.9620920206833417,18,0.3352905718345529,1.2817489277029421,0.11925635897063874,2.3268891562015277,True
32,1,32,32,1.0,1.0,0.48056754943842006,0.0,16.309122947686877,32,1.9620920206833417,19,0.3297193172920602,1.3712649095153138,0.11509084457708095,2.2117408815069273,True
32,1,32,32,1.0,1.0,0.48056754943842006,0.0,16.309122947686877,32,1.9620920206833417,20,0.3000385114590359,1.511728483752194,0.0943360735942781,2.2046984752739855,True
32,1,32,32,1.0,1.0,0.48056754943842006,0.0,16.309122947686877,32,1.9620920206833417,21,0.37442179772674544,1.3070886693048613,0.15104580133674736,2.043307955644863,True
32,1,32,32,1.0,1.0,0.48056754943842006,0.0,16.309122947686877,32,1.9620920206833417,22,0.3654813071392591,1.4501466185668843,0.14338155903934827,1.8867871780232852,True
32,1,32,32,1.0,1.0,0.48056754943842006,0.0,16.309122947686877,32,1.9620920206833417,23,0.23582931893384687,1.4165287196728846,0.05722185220732151,2.99348315833087,True
32,1,32,32,1.0,1.0,0.48056754943842006,0.0,16.309122947686877,32,1.9620920206833417,24,0.2811030790465368,1.50756931928126,0.08231580868146057,2.35970170783829,True
